<server description="Sample Liberty server">
    <!-- tag::features[] -->
    <featureManager>
        <feature>jaxrs-2.1</feature>
        <feature>jsonp-1.1</feature>
        <feature>cdi-2.0</feature>
        <feature>mpMetrics-1.1</feature>
        <feature>mpConfig-1.3</feature>
    </featureManager>
    <!-- end::features[] -->

    <applicationManager autoExpand="true" />

    <httpEndpoint host="*" httpPort="${default.http.port}"
	    httpsPort="${default.https.port}" id="defaultHttpEndpoint" />

    <variable name="io_openliberty_guides_system_inMaintenance" value="false"/>

    <webApplication location="hazelcast-microprofile.war" contextRoot="/" />
</server>
